nama_series;kode_wilayah;wilayah;tahun;nilai;target
Proporsi Penduduk yang Memiliki Telepon Seluler di Daerah Perdesaan;1;Indonesia;2001;;100
Proporsi Penduduk yang Memiliki Telepon Seluler di Daerah Perdesaan;1;Indonesia;2002;;100
Proporsi Penduduk yang Memiliki Telepon Seluler di Daerah Perdesaan;1;Indonesia;2003;;100
Proporsi Penduduk yang Memiliki Telepon Seluler di Daerah Perdesaan;1;Indonesia;2004;;100
Proporsi Penduduk yang Memiliki Telepon Seluler di Daerah Perdesaan;1;Indonesia;2005;8.19;100
Proporsi Penduduk yang Memiliki Telepon Seluler di Daerah Perdesaan;1;Indonesia;2006;12.27;100
Proporsi Penduduk yang Memiliki Telepon Seluler di Daerah Perdesaan;1;Indonesia;2007;24.33;100
Proporsi Penduduk yang Memiliki Telepon Seluler di Daerah Perdesaan;1;Indonesia;2008;38.15;100
Proporsi Penduduk yang Memiliki Telepon Seluler di Daerah Perdesaan;1;Indonesia;2009;49.21;100
Proporsi Penduduk yang Memiliki Telepon Seluler di Daerah Perdesaan;1;Indonesia;2010;61.01;100
Proporsi Penduduk yang Memiliki Telepon Seluler di Daerah Perdesaan;1;Indonesia;2011;69.46;100
Proporsi Penduduk yang Memiliki Telepon Seluler di Daerah Perdesaan;1;Indonesia;2012;75.89;100
Proporsi Penduduk yang Memiliki Telepon Seluler di Daerah Perdesaan;1;Indonesia;2013;79.42;100
Proporsi Penduduk yang Memiliki Telepon Seluler di Daerah Perdesaan;1;Indonesia;2014;81.33;100
Proporsi Penduduk yang Memiliki Telepon Seluler di Daerah Perdesaan;1;Indonesia;2015;82.92;100
Proporsi Penduduk yang Memiliki Telepon Seluler di Daerah Perdesaan;11;Aceh;2001;;
Proporsi Penduduk yang Memiliki Telepon Seluler di Daerah Perdesaan;11;Aceh;2002;;
Proporsi Penduduk yang Memiliki Telepon Seluler di Daerah Perdesaan;11;Aceh;2003;;
Proporsi Penduduk yang Memiliki Telepon Seluler di Daerah Perdesaan;11;Aceh;2004;;
Proporsi Penduduk yang Memiliki Telepon Seluler di Daerah Perdesaan;11;Aceh;2005;;
Proporsi Penduduk yang Memiliki Telepon Seluler di Daerah Perdesaan;11;Aceh;2006;12.71;
Proporsi Penduduk yang Memiliki Telepon Seluler di Daerah Perdesaan;11;Aceh;2007;27.07;
Proporsi Penduduk yang Memiliki Telepon Seluler di Daerah Perdesaan;11;Aceh;2008;40.45;
Proporsi Penduduk yang Memiliki Telepon Seluler di Daerah Perdesaan;11;Aceh;2009;52.06;
Proporsi Penduduk yang Memiliki Telepon Seluler di Daerah Perdesaan;11;Aceh;2010;65.66;
Proporsi Penduduk yang Memiliki Telepon Seluler di Daerah Perdesaan;11;Aceh;2011;72.39;
Proporsi Penduduk yang Memiliki Telepon Seluler di Daerah Perdesaan;11;Aceh;2012;77.37;
Proporsi Penduduk yang Memiliki Telepon Seluler di Daerah Perdesaan;11;Aceh;2013;79.75;
Proporsi Penduduk yang Memiliki Telepon Seluler di Daerah Perdesaan;11;Aceh;2014;82.38;
Proporsi Penduduk yang Memiliki Telepon Seluler di Daerah Perdesaan;11;Aceh;2015;84.43;
Proporsi Penduduk yang Memiliki Telepon Seluler di Daerah Perdesaan;12;Sumatera Utara;2001;;
Proporsi Penduduk yang Memiliki Telepon Seluler di Daerah Perdesaan;12;Sumatera Utara;2002;;
Proporsi Penduduk yang Memiliki Telepon Seluler di Daerah Perdesaan;12;Sumatera Utara;2003;;
Proporsi Penduduk yang Memiliki Telepon Seluler di Daerah Perdesaan;12;Sumatera Utara;2004;;
Proporsi Penduduk yang Memiliki Telepon Seluler di Daerah Perdesaan;12;Sumatera Utara;2005;8.15;
Proporsi Penduduk yang Memiliki Telepon Seluler di Daerah Perdesaan;12;Sumatera Utara;2006;14.21;
Proporsi Penduduk yang Memiliki Telepon Seluler di Daerah Perdesaan;12;Sumatera Utara;2007;29.46;
Proporsi Penduduk yang Memiliki Telepon Seluler di Daerah Perdesaan;12;Sumatera Utara;2008;45.34;
Proporsi Penduduk yang Memiliki Telepon Seluler di Daerah Perdesaan;12;Sumatera Utara;2009;56.18;
Proporsi Penduduk yang Memiliki Telepon Seluler di Daerah Perdesaan;12;Sumatera Utara;2010;66.16;
Proporsi Penduduk yang Memiliki Telepon Seluler di Daerah Perdesaan;12;Sumatera Utara;2011;76.94;
Proporsi Penduduk yang Memiliki Telepon Seluler di Daerah Perdesaan;12;Sumatera Utara;2012;80.23;
Proporsi Penduduk yang Memiliki Telepon Seluler di Daerah Perdesaan;12;Sumatera Utara;2013;81.96;
Proporsi Penduduk yang Memiliki Telepon Seluler di Daerah Perdesaan;12;Sumatera Utara;2014;83.98;
Proporsi Penduduk yang Memiliki Telepon Seluler di Daerah Perdesaan;12;Sumatera Utara;2015;86.56;
Proporsi Penduduk yang Memiliki Telepon Seluler di Daerah Perdesaan;13;Sumatera Barat;2001;;
Proporsi Penduduk yang Memiliki Telepon Seluler di Daerah Perdesaan;13;Sumatera Barat;2002;;
Proporsi Penduduk yang Memiliki Telepon Seluler di Daerah Perdesaan;13;Sumatera Barat;2003;;
Proporsi Penduduk yang Memiliki Telepon Seluler di Daerah Perdesaan;13;Sumatera Barat;2004;;
Proporsi Penduduk yang Memiliki Telepon Seluler di Daerah Perdesaan;13;Sumatera Barat;2005;9.65;
Proporsi Penduduk yang Memiliki Telepon Seluler di Daerah Perdesaan;13;Sumatera Barat;2006;17.39;
Proporsi Penduduk yang Memiliki Telepon Seluler di Daerah Perdesaan;13;Sumatera Barat;2007;33.92;
Proporsi Penduduk yang Memiliki Telepon Seluler di Daerah Perdesaan;13;Sumatera Barat;2008;46.78;
Proporsi Penduduk yang Memiliki Telepon Seluler di Daerah Perdesaan;13;Sumatera Barat;2009;56.26;
Proporsi Penduduk yang Memiliki Telepon Seluler di Daerah Perdesaan;13;Sumatera Barat;2010;68.48;
Proporsi Penduduk yang Memiliki Telepon Seluler di Daerah Perdesaan;13;Sumatera Barat;2011;75.3;
Proporsi Penduduk yang Memiliki Telepon Seluler di Daerah Perdesaan;13;Sumatera Barat;2012;79.7;
Proporsi Penduduk yang Memiliki Telepon Seluler di Daerah Perdesaan;13;Sumatera Barat;2013;83.73;
Proporsi Penduduk yang Memiliki Telepon Seluler di Daerah Perdesaan;13;Sumatera Barat;2014;84.75;
Proporsi Penduduk yang Memiliki Telepon Seluler di Daerah Perdesaan;13;Sumatera Barat;2015;86.12;
Proporsi Penduduk yang Memiliki Telepon Seluler di Daerah Perdesaan;14;Riau;2001;;
Proporsi Penduduk yang Memiliki Telepon Seluler di Daerah Perdesaan;14;Riau;2002;;
Proporsi Penduduk yang Memiliki Telepon Seluler di Daerah Perdesaan;14;Riau;2003;;
Proporsi Penduduk yang Memiliki Telepon Seluler di Daerah Perdesaan;14;Riau;2004;;
Proporsi Penduduk yang Memiliki Telepon Seluler di Daerah Perdesaan;14;Riau;2005;16.02;
Proporsi Penduduk yang Memiliki Telepon Seluler di Daerah Perdesaan;14;Riau;2006;20.14;
Proporsi Penduduk yang Memiliki Telepon Seluler di Daerah Perdesaan;14;Riau;2007;45.15;
Proporsi Penduduk yang Memiliki Telepon Seluler di Daerah Perdesaan;14;Riau;2008;63.8;
Proporsi Penduduk yang Memiliki Telepon Seluler di Daerah Perdesaan;14;Riau;2009;69.55;
Proporsi Penduduk yang Memiliki Telepon Seluler di Daerah Perdesaan;14;Riau;2010;81.67;
Proporsi Penduduk yang Memiliki Telepon Seluler di Daerah Perdesaan;14;Riau;2011;87.92;
Proporsi Penduduk yang Memiliki Telepon Seluler di Daerah Perdesaan;14;Riau;2012;90.12;
Proporsi Penduduk yang Memiliki Telepon Seluler di Daerah Perdesaan;14;Riau;2013;92.07;
Proporsi Penduduk yang Memiliki Telepon Seluler di Daerah Perdesaan;14;Riau;2014;93.18;
Proporsi Penduduk yang Memiliki Telepon Seluler di Daerah Perdesaan;14;Riau;2015;94.05;
Proporsi Penduduk yang Memiliki Telepon Seluler di Daerah Perdesaan;15;Jambi;2001;;
Proporsi Penduduk yang Memiliki Telepon Seluler di Daerah Perdesaan;15;Jambi;2002;;
Proporsi Penduduk yang Memiliki Telepon Seluler di Daerah Perdesaan;15;Jambi;2003;;
Proporsi Penduduk yang Memiliki Telepon Seluler di Daerah Perdesaan;15;Jambi;2004;;
Proporsi Penduduk yang Memiliki Telepon Seluler di Daerah Perdesaan;15;Jambi;2005;8.88;
Proporsi Penduduk yang Memiliki Telepon Seluler di Daerah Perdesaan;15;Jambi;2006;14.2;
Proporsi Penduduk yang Memiliki Telepon Seluler di Daerah Perdesaan;15;Jambi;2007;34.81;
Proporsi Penduduk yang Memiliki Telepon Seluler di Daerah Perdesaan;15;Jambi;2008;55.59;
Proporsi Penduduk yang Memiliki Telepon Seluler di Daerah Perdesaan;15;Jambi;2009;59.68;
Proporsi Penduduk yang Memiliki Telepon Seluler di Daerah Perdesaan;15;Jambi;2010;74.4;
Proporsi Penduduk yang Memiliki Telepon Seluler di Daerah Perdesaan;15;Jambi;2011;82.69;
Proporsi Penduduk yang Memiliki Telepon Seluler di Daerah Perdesaan;15;Jambi;2012;86.14;
Proporsi Penduduk yang Memiliki Telepon Seluler di Daerah Perdesaan;15;Jambi;2013;88.52;
Proporsi Penduduk yang Memiliki Telepon Seluler di Daerah Perdesaan;15;Jambi;2014;89.39;
Proporsi Penduduk yang Memiliki Telepon Seluler di Daerah Perdesaan;15;Jambi;2015;90.13;
Proporsi Penduduk yang Memiliki Telepon Seluler di Daerah Perdesaan;16;Sumatera Selatan;2001;;
Proporsi Penduduk yang Memiliki Telepon Seluler di Daerah Perdesaan;16;Sumatera Selatan;2002;;
Proporsi Penduduk yang Memiliki Telepon Seluler di Daerah Perdesaan;16;Sumatera Selatan;2003;;
Proporsi Penduduk yang Memiliki Telepon Seluler di Daerah Perdesaan;16;Sumatera Selatan;2004;;
Proporsi Penduduk yang Memiliki Telepon Seluler di Daerah Perdesaan;16;Sumatera Selatan;2005;5.35;
Proporsi Penduduk yang Memiliki Telepon Seluler di Daerah Perdesaan;16;Sumatera Selatan;2006;8.38;
Proporsi Penduduk yang Memiliki Telepon Seluler di Daerah Perdesaan;16;Sumatera Selatan;2007;20.88;
Proporsi Penduduk yang Memiliki Telepon Seluler di Daerah Perdesaan;16;Sumatera Selatan;2008;42.26;
Proporsi Penduduk yang Memiliki Telepon Seluler di Daerah Perdesaan;16;Sumatera Selatan;2009;48.09;
Proporsi Penduduk yang Memiliki Telepon Seluler di Daerah Perdesaan;16;Sumatera Selatan;2010;68.22;
Proporsi Penduduk yang Memiliki Telepon Seluler di Daerah Perdesaan;16;Sumatera Selatan;2011;75.61;
Proporsi Penduduk yang Memiliki Telepon Seluler di Daerah Perdesaan;16;Sumatera Selatan;2012;82.08;
Proporsi Penduduk yang Memiliki Telepon Seluler di Daerah Perdesaan;16;Sumatera Selatan;2013;85.66;
Proporsi Penduduk yang Memiliki Telepon Seluler di Daerah Perdesaan;16;Sumatera Selatan;2014;86.2;
Proporsi Penduduk yang Memiliki Telepon Seluler di Daerah Perdesaan;16;Sumatera Selatan;2015;87.98;
Proporsi Penduduk yang Memiliki Telepon Seluler di Daerah Perdesaan;17;Bengkulu;2001;;
Proporsi Penduduk yang Memiliki Telepon Seluler di Daerah Perdesaan;17;Bengkulu;2002;;
Proporsi Penduduk yang Memiliki Telepon Seluler di Daerah Perdesaan;17;Bengkulu;2003;;
Proporsi Penduduk yang Memiliki Telepon Seluler di Daerah Perdesaan;17;Bengkulu;2004;;
Proporsi Penduduk yang Memiliki Telepon Seluler di Daerah Perdesaan;17;Bengkulu;2005;4.07;
Proporsi Penduduk yang Memiliki Telepon Seluler di Daerah Perdesaan;17;Bengkulu;2006;9.33;
Proporsi Penduduk yang Memiliki Telepon Seluler di Daerah Perdesaan;17;Bengkulu;2007;21.63;
Proporsi Penduduk yang Memiliki Telepon Seluler di Daerah Perdesaan;17;Bengkulu;2008;41.83;
Proporsi Penduduk yang Memiliki Telepon Seluler di Daerah Perdesaan;17;Bengkulu;2009;55.92;
Proporsi Penduduk yang Memiliki Telepon Seluler di Daerah Perdesaan;17;Bengkulu;2010;65.34;
Proporsi Penduduk yang Memiliki Telepon Seluler di Daerah Perdesaan;17;Bengkulu;2011;77;
Proporsi Penduduk yang Memiliki Telepon Seluler di Daerah Perdesaan;17;Bengkulu;2012;83.39;
Proporsi Penduduk yang Memiliki Telepon Seluler di Daerah Perdesaan;17;Bengkulu;2013;85.62;
Proporsi Penduduk yang Memiliki Telepon Seluler di Daerah Perdesaan;17;Bengkulu;2014;86.39;
Proporsi Penduduk yang Memiliki Telepon Seluler di Daerah Perdesaan;17;Bengkulu;2015;86.98;
Proporsi Penduduk yang Memiliki Telepon Seluler di Daerah Perdesaan;18;Lampung;2001;;
Proporsi Penduduk yang Memiliki Telepon Seluler di Daerah Perdesaan;18;Lampung;2002;;
Proporsi Penduduk yang Memiliki Telepon Seluler di Daerah Perdesaan;18;Lampung;2003;;
Proporsi Penduduk yang Memiliki Telepon Seluler di Daerah Perdesaan;18;Lampung;2004;;
Proporsi Penduduk yang Memiliki Telepon Seluler di Daerah Perdesaan;18;Lampung;2005;5.76;
Proporsi Penduduk yang Memiliki Telepon Seluler di Daerah Perdesaan;18;Lampung;2006;12;
Proporsi Penduduk yang Memiliki Telepon Seluler di Daerah Perdesaan;18;Lampung;2007;22.42;
Proporsi Penduduk yang Memiliki Telepon Seluler di Daerah Perdesaan;18;Lampung;2008;41.3;
Proporsi Penduduk yang Memiliki Telepon Seluler di Daerah Perdesaan;18;Lampung;2009;54.63;
Proporsi Penduduk yang Memiliki Telepon Seluler di Daerah Perdesaan;18;Lampung;2010;68.53;
Proporsi Penduduk yang Memiliki Telepon Seluler di Daerah Perdesaan;18;Lampung;2011;77.6;
Proporsi Penduduk yang Memiliki Telepon Seluler di Daerah Perdesaan;18;Lampung;2012;82.72;
Proporsi Penduduk yang Memiliki Telepon Seluler di Daerah Perdesaan;18;Lampung;2013;85.58;
Proporsi Penduduk yang Memiliki Telepon Seluler di Daerah Perdesaan;18;Lampung;2014;87.48;
Proporsi Penduduk yang Memiliki Telepon Seluler di Daerah Perdesaan;18;Lampung;2015;88.38;
Proporsi Penduduk yang Memiliki Telepon Seluler di Daerah Perdesaan;19;Kepulauan Bangka Belitung;2001;;
Proporsi Penduduk yang Memiliki Telepon Seluler di Daerah Perdesaan;19;Kepulauan Bangka Belitung;2002;;
Proporsi Penduduk yang Memiliki Telepon Seluler di Daerah Perdesaan;19;Kepulauan Bangka Belitung;2003;;
Proporsi Penduduk yang Memiliki Telepon Seluler di Daerah Perdesaan;19;Kepulauan Bangka Belitung;2004;;
Proporsi Penduduk yang Memiliki Telepon Seluler di Daerah Perdesaan;19;Kepulauan Bangka Belitung;2005;13.86;
Proporsi Penduduk yang Memiliki Telepon Seluler di Daerah Perdesaan;19;Kepulauan Bangka Belitung;2006;20.89;
Proporsi Penduduk yang Memiliki Telepon Seluler di Daerah Perdesaan;19;Kepulauan Bangka Belitung;2007;36.61;
Proporsi Penduduk yang Memiliki Telepon Seluler di Daerah Perdesaan;19;Kepulauan Bangka Belitung;2008;61.4;
Proporsi Penduduk yang Memiliki Telepon Seluler di Daerah Perdesaan;19;Kepulauan Bangka Belitung;2009;66.75;
Proporsi Penduduk yang Memiliki Telepon Seluler di Daerah Perdesaan;19;Kepulauan Bangka Belitung;2010;78.65;
Proporsi Penduduk yang Memiliki Telepon Seluler di Daerah Perdesaan;19;Kepulauan Bangka Belitung;2011;86.41;
Proporsi Penduduk yang Memiliki Telepon Seluler di Daerah Perdesaan;19;Kepulauan Bangka Belitung;2012;87.23;
Proporsi Penduduk yang Memiliki Telepon Seluler di Daerah Perdesaan;19;Kepulauan Bangka Belitung;2013;89.38;
Proporsi Penduduk yang Memiliki Telepon Seluler di Daerah Perdesaan;19;Kepulauan Bangka Belitung;2014;88.44;
Proporsi Penduduk yang Memiliki Telepon Seluler di Daerah Perdesaan;19;Kepulauan Bangka Belitung;2015;90.03;
Proporsi Penduduk yang Memiliki Telepon Seluler di Daerah Perdesaan;21;Kepulauan Riau;2001;;
Proporsi Penduduk yang Memiliki Telepon Seluler di Daerah Perdesaan;21;Kepulauan Riau;2002;;
Proporsi Penduduk yang Memiliki Telepon Seluler di Daerah Perdesaan;21;Kepulauan Riau;2003;;
Proporsi Penduduk yang Memiliki Telepon Seluler di Daerah Perdesaan;21;Kepulauan Riau;2004;;
Proporsi Penduduk yang Memiliki Telepon Seluler di Daerah Perdesaan;21;Kepulauan Riau;2005;18.6;
Proporsi Penduduk yang Memiliki Telepon Seluler di Daerah Perdesaan;21;Kepulauan Riau;2006;18.43;
Proporsi Penduduk yang Memiliki Telepon Seluler di Daerah Perdesaan;21;Kepulauan Riau;2007;42.78;
Proporsi Penduduk yang Memiliki Telepon Seluler di Daerah Perdesaan;21;Kepulauan Riau;2008;65.94;
Proporsi Penduduk yang Memiliki Telepon Seluler di Daerah Perdesaan;21;Kepulauan Riau;2009;77.45;
Proporsi Penduduk yang Memiliki Telepon Seluler di Daerah Perdesaan;21;Kepulauan Riau;2010;85.14;
Proporsi Penduduk yang Memiliki Telepon Seluler di Daerah Perdesaan;21;Kepulauan Riau;2011;86.68;
Proporsi Penduduk yang Memiliki Telepon Seluler di Daerah Perdesaan;21;Kepulauan Riau;2012;87.22;
Proporsi Penduduk yang Memiliki Telepon Seluler di Daerah Perdesaan;21;Kepulauan Riau;2013;92.36;
Proporsi Penduduk yang Memiliki Telepon Seluler di Daerah Perdesaan;21;Kepulauan Riau;2014;90.5;
Proporsi Penduduk yang Memiliki Telepon Seluler di Daerah Perdesaan;21;Kepulauan Riau;2015;92.25;
Proporsi Penduduk yang Memiliki Telepon Seluler di Daerah Perdesaan;31;DKI Jakarta;2001;;
Proporsi Penduduk yang Memiliki Telepon Seluler di Daerah Perdesaan;31;DKI Jakarta;2002;;
Proporsi Penduduk yang Memiliki Telepon Seluler di Daerah Perdesaan;31;DKI Jakarta;2003;;
Proporsi Penduduk yang Memiliki Telepon Seluler di Daerah Perdesaan;31;DKI Jakarta;2004;;
Proporsi Penduduk yang Memiliki Telepon Seluler di Daerah Perdesaan;31;DKI Jakarta;2005;;
Proporsi Penduduk yang Memiliki Telepon Seluler di Daerah Perdesaan;31;DKI Jakarta;2006;;
Proporsi Penduduk yang Memiliki Telepon Seluler di Daerah Perdesaan;31;DKI Jakarta;2007;;
Proporsi Penduduk yang Memiliki Telepon Seluler di Daerah Perdesaan;31;DKI Jakarta;2008;;
Proporsi Penduduk yang Memiliki Telepon Seluler di Daerah Perdesaan;31;DKI Jakarta;2009;;
Proporsi Penduduk yang Memiliki Telepon Seluler di Daerah Perdesaan;31;DKI Jakarta;2010;;
Proporsi Penduduk yang Memiliki Telepon Seluler di Daerah Perdesaan;31;DKI Jakarta;2011;;
Proporsi Penduduk yang Memiliki Telepon Seluler di Daerah Perdesaan;31;DKI Jakarta;2012;;
Proporsi Penduduk yang Memiliki Telepon Seluler di Daerah Perdesaan;31;DKI Jakarta;2013;;
Proporsi Penduduk yang Memiliki Telepon Seluler di Daerah Perdesaan;31;DKI Jakarta;2014;;
Proporsi Penduduk yang Memiliki Telepon Seluler di Daerah Perdesaan;31;DKI Jakarta;2015;;
Proporsi Penduduk yang Memiliki Telepon Seluler di Daerah Perdesaan;32;Jawa Barat;2001;;
Proporsi Penduduk yang Memiliki Telepon Seluler di Daerah Perdesaan;32;Jawa Barat;2002;;
Proporsi Penduduk yang Memiliki Telepon Seluler di Daerah Perdesaan;32;Jawa Barat;2003;;
Proporsi Penduduk yang Memiliki Telepon Seluler di Daerah Perdesaan;32;Jawa Barat;2004;;
Proporsi Penduduk yang Memiliki Telepon Seluler di Daerah Perdesaan;32;Jawa Barat;2005;7.64;
Proporsi Penduduk yang Memiliki Telepon Seluler di Daerah Perdesaan;32;Jawa Barat;2006;9.57;
Proporsi Penduduk yang Memiliki Telepon Seluler di Daerah Perdesaan;32;Jawa Barat;2007;19.72;
Proporsi Penduduk yang Memiliki Telepon Seluler di Daerah Perdesaan;32;Jawa Barat;2008;32.45;
Proporsi Penduduk yang Memiliki Telepon Seluler di Daerah Perdesaan;32;Jawa Barat;2009;46.02;
Proporsi Penduduk yang Memiliki Telepon Seluler di Daerah Perdesaan;32;Jawa Barat;2010;57.14;
Proporsi Penduduk yang Memiliki Telepon Seluler di Daerah Perdesaan;32;Jawa Barat;2011;67.67;
Proporsi Penduduk yang Memiliki Telepon Seluler di Daerah Perdesaan;32;Jawa Barat;2012;74.36;
Proporsi Penduduk yang Memiliki Telepon Seluler di Daerah Perdesaan;32;Jawa Barat;2013;77.48;
Proporsi Penduduk yang Memiliki Telepon Seluler di Daerah Perdesaan;32;Jawa Barat;2014;78.92;
Proporsi Penduduk yang Memiliki Telepon Seluler di Daerah Perdesaan;32;Jawa Barat;2015;80.79;
Proporsi Penduduk yang Memiliki Telepon Seluler di Daerah Perdesaan;33;Jawa Tengah;2001;;
Proporsi Penduduk yang Memiliki Telepon Seluler di Daerah Perdesaan;33;Jawa Tengah;2002;;
Proporsi Penduduk yang Memiliki Telepon Seluler di Daerah Perdesaan;33;Jawa Tengah;2003;;
Proporsi Penduduk yang Memiliki Telepon Seluler di Daerah Perdesaan;33;Jawa Tengah;2004;;
Proporsi Penduduk yang Memiliki Telepon Seluler di Daerah Perdesaan;33;Jawa Tengah;2005;9.85;
Proporsi Penduduk yang Memiliki Telepon Seluler di Daerah Perdesaan;33;Jawa Tengah;2006;13.08;
Proporsi Penduduk yang Memiliki Telepon Seluler di Daerah Perdesaan;33;Jawa Tengah;2007;24.21;
Proporsi Penduduk yang Memiliki Telepon Seluler di Daerah Perdesaan;33;Jawa Tengah;2008;36.15;
Proporsi Penduduk yang Memiliki Telepon Seluler di Daerah Perdesaan;33;Jawa Tengah;2009;48.75;
Proporsi Penduduk yang Memiliki Telepon Seluler di Daerah Perdesaan;33;Jawa Tengah;2010;60.31;
Proporsi Penduduk yang Memiliki Telepon Seluler di Daerah Perdesaan;33;Jawa Tengah;2011;69.78;
Proporsi Penduduk yang Memiliki Telepon Seluler di Daerah Perdesaan;33;Jawa Tengah;2012;77.74;
Proporsi Penduduk yang Memiliki Telepon Seluler di Daerah Perdesaan;33;Jawa Tengah;2013;80.78;
Proporsi Penduduk yang Memiliki Telepon Seluler di Daerah Perdesaan;33;Jawa Tengah;2014;82.46;
Proporsi Penduduk yang Memiliki Telepon Seluler di Daerah Perdesaan;33;Jawa Tengah;2015;83.6;
Proporsi Penduduk yang Memiliki Telepon Seluler di Daerah Perdesaan;34;DI Yogyakarta;2001;;
Proporsi Penduduk yang Memiliki Telepon Seluler di Daerah Perdesaan;34;DI Yogyakarta;2002;;
Proporsi Penduduk yang Memiliki Telepon Seluler di Daerah Perdesaan;34;DI Yogyakarta;2003;;
Proporsi Penduduk yang Memiliki Telepon Seluler di Daerah Perdesaan;34;DI Yogyakarta;2004;;
Proporsi Penduduk yang Memiliki Telepon Seluler di Daerah Perdesaan;34;DI Yogyakarta;2005;16.74;
Proporsi Penduduk yang Memiliki Telepon Seluler di Daerah Perdesaan;34;DI Yogyakarta;2006;23.52;
Proporsi Penduduk yang Memiliki Telepon Seluler di Daerah Perdesaan;34;DI Yogyakarta;2007;40.21;
Proporsi Penduduk yang Memiliki Telepon Seluler di Daerah Perdesaan;34;DI Yogyakarta;2008;48.42;
Proporsi Penduduk yang Memiliki Telepon Seluler di Daerah Perdesaan;34;DI Yogyakarta;2009;57.7;
Proporsi Penduduk yang Memiliki Telepon Seluler di Daerah Perdesaan;34;DI Yogyakarta;2010;69.61;
Proporsi Penduduk yang Memiliki Telepon Seluler di Daerah Perdesaan;34;DI Yogyakarta;2011;76.77;
Proporsi Penduduk yang Memiliki Telepon Seluler di Daerah Perdesaan;34;DI Yogyakarta;2012;78.84;
Proporsi Penduduk yang Memiliki Telepon Seluler di Daerah Perdesaan;34;DI Yogyakarta;2013;84.81;
Proporsi Penduduk yang Memiliki Telepon Seluler di Daerah Perdesaan;34;DI Yogyakarta;2014;82.49;
Proporsi Penduduk yang Memiliki Telepon Seluler di Daerah Perdesaan;34;DI Yogyakarta;2015;84.5;
Proporsi Penduduk yang Memiliki Telepon Seluler di Daerah Perdesaan;35;Jawa Timur;2001;;
Proporsi Penduduk yang Memiliki Telepon Seluler di Daerah Perdesaan;35;Jawa Timur;2002;;
Proporsi Penduduk yang Memiliki Telepon Seluler di Daerah Perdesaan;35;Jawa Timur;2003;;
Proporsi Penduduk yang Memiliki Telepon Seluler di Daerah Perdesaan;35;Jawa Timur;2004;;
Proporsi Penduduk yang Memiliki Telepon Seluler di Daerah Perdesaan;35;Jawa Timur;2005;8.74;
Proporsi Penduduk yang Memiliki Telepon Seluler di Daerah Perdesaan;35;Jawa Timur;2006;12.8;
Proporsi Penduduk yang Memiliki Telepon Seluler di Daerah Perdesaan;35;Jawa Timur;2007;23.82;
Proporsi Penduduk yang Memiliki Telepon Seluler di Daerah Perdesaan;35;Jawa Timur;2008;36.32;
Proporsi Penduduk yang Memiliki Telepon Seluler di Daerah Perdesaan;35;Jawa Timur;2009;47.76;
Proporsi Penduduk yang Memiliki Telepon Seluler di Daerah Perdesaan;35;Jawa Timur;2010;58.95;
Proporsi Penduduk yang Memiliki Telepon Seluler di Daerah Perdesaan;35;Jawa Timur;2011;67.17;
Proporsi Penduduk yang Memiliki Telepon Seluler di Daerah Perdesaan;35;Jawa Timur;2012;73.99;
Proporsi Penduduk yang Memiliki Telepon Seluler di Daerah Perdesaan;35;Jawa Timur;2013;78.52;
Proporsi Penduduk yang Memiliki Telepon Seluler di Daerah Perdesaan;35;Jawa Timur;2014;80.99;
Proporsi Penduduk yang Memiliki Telepon Seluler di Daerah Perdesaan;35;Jawa Timur;2015;81.61;
Proporsi Penduduk yang Memiliki Telepon Seluler di Daerah Perdesaan;36;Banten;2001;;
Proporsi Penduduk yang Memiliki Telepon Seluler di Daerah Perdesaan;36;Banten;2002;;
Proporsi Penduduk yang Memiliki Telepon Seluler di Daerah Perdesaan;36;Banten;2003;;
Proporsi Penduduk yang Memiliki Telepon Seluler di Daerah Perdesaan;36;Banten;2004;;
Proporsi Penduduk yang Memiliki Telepon Seluler di Daerah Perdesaan;36;Banten;2005;5.83;
Proporsi Penduduk yang Memiliki Telepon Seluler di Daerah Perdesaan;36;Banten;2006;8.76;
Proporsi Penduduk yang Memiliki Telepon Seluler di Daerah Perdesaan;36;Banten;2007;19.89;
Proporsi Penduduk yang Memiliki Telepon Seluler di Daerah Perdesaan;36;Banten;2008;30.96;
Proporsi Penduduk yang Memiliki Telepon Seluler di Daerah Perdesaan;36;Banten;2009;41.72;
Proporsi Penduduk yang Memiliki Telepon Seluler di Daerah Perdesaan;36;Banten;2010;54.14;
Proporsi Penduduk yang Memiliki Telepon Seluler di Daerah Perdesaan;36;Banten;2011;67.73;
Proporsi Penduduk yang Memiliki Telepon Seluler di Daerah Perdesaan;36;Banten;2012;75.27;
Proporsi Penduduk yang Memiliki Telepon Seluler di Daerah Perdesaan;36;Banten;2013;77.67;
Proporsi Penduduk yang Memiliki Telepon Seluler di Daerah Perdesaan;36;Banten;2014;82.42;
Proporsi Penduduk yang Memiliki Telepon Seluler di Daerah Perdesaan;36;Banten;2015;83.64;
Proporsi Penduduk yang Memiliki Telepon Seluler di Daerah Perdesaan;51;Bali;2001;;
Proporsi Penduduk yang Memiliki Telepon Seluler di Daerah Perdesaan;51;Bali;2002;;
Proporsi Penduduk yang Memiliki Telepon Seluler di Daerah Perdesaan;51;Bali;2003;;
Proporsi Penduduk yang Memiliki Telepon Seluler di Daerah Perdesaan;51;Bali;2004;;
Proporsi Penduduk yang Memiliki Telepon Seluler di Daerah Perdesaan;51;Bali;2005;19.91;
Proporsi Penduduk yang Memiliki Telepon Seluler di Daerah Perdesaan;51;Bali;2006;27.22;
Proporsi Penduduk yang Memiliki Telepon Seluler di Daerah Perdesaan;51;Bali;2007;38.6;
Proporsi Penduduk yang Memiliki Telepon Seluler di Daerah Perdesaan;51;Bali;2008;51.03;
Proporsi Penduduk yang Memiliki Telepon Seluler di Daerah Perdesaan;51;Bali;2009;62.62;
Proporsi Penduduk yang Memiliki Telepon Seluler di Daerah Perdesaan;51;Bali;2010;66.12;
Proporsi Penduduk yang Memiliki Telepon Seluler di Daerah Perdesaan;51;Bali;2011;74.67;
Proporsi Penduduk yang Memiliki Telepon Seluler di Daerah Perdesaan;51;Bali;2012;80.69;
Proporsi Penduduk yang Memiliki Telepon Seluler di Daerah Perdesaan;51;Bali;2013;84.48;
Proporsi Penduduk yang Memiliki Telepon Seluler di Daerah Perdesaan;51;Bali;2014;84.48;
Proporsi Penduduk yang Memiliki Telepon Seluler di Daerah Perdesaan;51;Bali;2015;86.8;
Proporsi Penduduk yang Memiliki Telepon Seluler di Daerah Perdesaan;52;Nusa Tenggara Barat;2001;;
Proporsi Penduduk yang Memiliki Telepon Seluler di Daerah Perdesaan;52;Nusa Tenggara Barat;2002;;
Proporsi Penduduk yang Memiliki Telepon Seluler di Daerah Perdesaan;52;Nusa Tenggara Barat;2003;;
Proporsi Penduduk yang Memiliki Telepon Seluler di Daerah Perdesaan;52;Nusa Tenggara Barat;2004;;
Proporsi Penduduk yang Memiliki Telepon Seluler di Daerah Perdesaan;52;Nusa Tenggara Barat;2005;5.32;
Proporsi Penduduk yang Memiliki Telepon Seluler di Daerah Perdesaan;52;Nusa Tenggara Barat;2006;11.45;
Proporsi Penduduk yang Memiliki Telepon Seluler di Daerah Perdesaan;52;Nusa Tenggara Barat;2007;21.51;
Proporsi Penduduk yang Memiliki Telepon Seluler di Daerah Perdesaan;52;Nusa Tenggara Barat;2008;31.44;
Proporsi Penduduk yang Memiliki Telepon Seluler di Daerah Perdesaan;52;Nusa Tenggara Barat;2009;40.38;
Proporsi Penduduk yang Memiliki Telepon Seluler di Daerah Perdesaan;52;Nusa Tenggara Barat;2010;46.49;
Proporsi Penduduk yang Memiliki Telepon Seluler di Daerah Perdesaan;52;Nusa Tenggara Barat;2011;55.05;
Proporsi Penduduk yang Memiliki Telepon Seluler di Daerah Perdesaan;52;Nusa Tenggara Barat;2012;63.02;
Proporsi Penduduk yang Memiliki Telepon Seluler di Daerah Perdesaan;52;Nusa Tenggara Barat;2013;70.25;
Proporsi Penduduk yang Memiliki Telepon Seluler di Daerah Perdesaan;52;Nusa Tenggara Barat;2014;75.51;
Proporsi Penduduk yang Memiliki Telepon Seluler di Daerah Perdesaan;52;Nusa Tenggara Barat;2015;77.47;
Proporsi Penduduk yang Memiliki Telepon Seluler di Daerah Perdesaan;53;Nusa Tenggara Timur;2001;;
Proporsi Penduduk yang Memiliki Telepon Seluler di Daerah Perdesaan;53;Nusa Tenggara Timur;2002;;
Proporsi Penduduk yang Memiliki Telepon Seluler di Daerah Perdesaan;53;Nusa Tenggara Timur;2003;;
Proporsi Penduduk yang Memiliki Telepon Seluler di Daerah Perdesaan;53;Nusa Tenggara Timur;2004;;
Proporsi Penduduk yang Memiliki Telepon Seluler di Daerah Perdesaan;53;Nusa Tenggara Timur;2005;1.27;
Proporsi Penduduk yang Memiliki Telepon Seluler di Daerah Perdesaan;53;Nusa Tenggara Timur;2006;3.76;
Proporsi Penduduk yang Memiliki Telepon Seluler di Daerah Perdesaan;53;Nusa Tenggara Timur;2007;9.37;
Proporsi Penduduk yang Memiliki Telepon Seluler di Daerah Perdesaan;53;Nusa Tenggara Timur;2008;18.98;
Proporsi Penduduk yang Memiliki Telepon Seluler di Daerah Perdesaan;53;Nusa Tenggara Timur;2009;28.06;
Proporsi Penduduk yang Memiliki Telepon Seluler di Daerah Perdesaan;53;Nusa Tenggara Timur;2010;40.54;
Proporsi Penduduk yang Memiliki Telepon Seluler di Daerah Perdesaan;53;Nusa Tenggara Timur;2011;44.49;
Proporsi Penduduk yang Memiliki Telepon Seluler di Daerah Perdesaan;53;Nusa Tenggara Timur;2012;55.73;
Proporsi Penduduk yang Memiliki Telepon Seluler di Daerah Perdesaan;53;Nusa Tenggara Timur;2013;63.21;
Proporsi Penduduk yang Memiliki Telepon Seluler di Daerah Perdesaan;53;Nusa Tenggara Timur;2014;66.64;
Proporsi Penduduk yang Memiliki Telepon Seluler di Daerah Perdesaan;53;Nusa Tenggara Timur;2015;70.71;
Proporsi Penduduk yang Memiliki Telepon Seluler di Daerah Perdesaan;61;Kalimantan Barat;2001;;
Proporsi Penduduk yang Memiliki Telepon Seluler di Daerah Perdesaan;61;Kalimantan Barat;2002;;
Proporsi Penduduk yang Memiliki Telepon Seluler di Daerah Perdesaan;61;Kalimantan Barat;2003;;
Proporsi Penduduk yang Memiliki Telepon Seluler di Daerah Perdesaan;61;Kalimantan Barat;2004;;
Proporsi Penduduk yang Memiliki Telepon Seluler di Daerah Perdesaan;61;Kalimantan Barat;2005;6.29;
Proporsi Penduduk yang Memiliki Telepon Seluler di Daerah Perdesaan;61;Kalimantan Barat;2006;10.92;
Proporsi Penduduk yang Memiliki Telepon Seluler di Daerah Perdesaan;61;Kalimantan Barat;2007;26.73;
Proporsi Penduduk yang Memiliki Telepon Seluler di Daerah Perdesaan;61;Kalimantan Barat;2008;39.3;
Proporsi Penduduk yang Memiliki Telepon Seluler di Daerah Perdesaan;61;Kalimantan Barat;2009;44.87;
Proporsi Penduduk yang Memiliki Telepon Seluler di Daerah Perdesaan;61;Kalimantan Barat;2010;59.9;
Proporsi Penduduk yang Memiliki Telepon Seluler di Daerah Perdesaan;61;Kalimantan Barat;2011;72.65;
Proporsi Penduduk yang Memiliki Telepon Seluler di Daerah Perdesaan;61;Kalimantan Barat;2012;76.95;
Proporsi Penduduk yang Memiliki Telepon Seluler di Daerah Perdesaan;61;Kalimantan Barat;2013;79.68;
Proporsi Penduduk yang Memiliki Telepon Seluler di Daerah Perdesaan;61;Kalimantan Barat;2014;82.86;
Proporsi Penduduk yang Memiliki Telepon Seluler di Daerah Perdesaan;61;Kalimantan Barat;2015;80.92;
Proporsi Penduduk yang Memiliki Telepon Seluler di Daerah Perdesaan;62;Kalimantan Tengah;2001;;
Proporsi Penduduk yang Memiliki Telepon Seluler di Daerah Perdesaan;62;Kalimantan Tengah;2002;;
Proporsi Penduduk yang Memiliki Telepon Seluler di Daerah Perdesaan;62;Kalimantan Tengah;2003;;
Proporsi Penduduk yang Memiliki Telepon Seluler di Daerah Perdesaan;62;Kalimantan Tengah;2004;;
Proporsi Penduduk yang Memiliki Telepon Seluler di Daerah Perdesaan;62;Kalimantan Tengah;2005;4.21;
Proporsi Penduduk yang Memiliki Telepon Seluler di Daerah Perdesaan;62;Kalimantan Tengah;2006;8.83;
Proporsi Penduduk yang Memiliki Telepon Seluler di Daerah Perdesaan;62;Kalimantan Tengah;2007;24.68;
Proporsi Penduduk yang Memiliki Telepon Seluler di Daerah Perdesaan;62;Kalimantan Tengah;2008;39.51;
Proporsi Penduduk yang Memiliki Telepon Seluler di Daerah Perdesaan;62;Kalimantan Tengah;2009;49.84;
Proporsi Penduduk yang Memiliki Telepon Seluler di Daerah Perdesaan;62;Kalimantan Tengah;2010;68.8;
Proporsi Penduduk yang Memiliki Telepon Seluler di Daerah Perdesaan;62;Kalimantan Tengah;2011;77.53;
Proporsi Penduduk yang Memiliki Telepon Seluler di Daerah Perdesaan;62;Kalimantan Tengah;2012;81.21;
Proporsi Penduduk yang Memiliki Telepon Seluler di Daerah Perdesaan;62;Kalimantan Tengah;2013;86.58;
Proporsi Penduduk yang Memiliki Telepon Seluler di Daerah Perdesaan;62;Kalimantan Tengah;2014;88.56;
Proporsi Penduduk yang Memiliki Telepon Seluler di Daerah Perdesaan;62;Kalimantan Tengah;2015;89.85;
Proporsi Penduduk yang Memiliki Telepon Seluler di Daerah Perdesaan;63;Kalimantan Selatan;2001;;
Proporsi Penduduk yang Memiliki Telepon Seluler di Daerah Perdesaan;63;Kalimantan Selatan;2002;;
Proporsi Penduduk yang Memiliki Telepon Seluler di Daerah Perdesaan;63;Kalimantan Selatan;2003;;
Proporsi Penduduk yang Memiliki Telepon Seluler di Daerah Perdesaan;63;Kalimantan Selatan;2004;;
Proporsi Penduduk yang Memiliki Telepon Seluler di Daerah Perdesaan;63;Kalimantan Selatan;2005;12.22;
Proporsi Penduduk yang Memiliki Telepon Seluler di Daerah Perdesaan;63;Kalimantan Selatan;2006;19.48;
Proporsi Penduduk yang Memiliki Telepon Seluler di Daerah Perdesaan;63;Kalimantan Selatan;2007;33.53;
Proporsi Penduduk yang Memiliki Telepon Seluler di Daerah Perdesaan;63;Kalimantan Selatan;2008;52.52;
Proporsi Penduduk yang Memiliki Telepon Seluler di Daerah Perdesaan;63;Kalimantan Selatan;2009;61.01;
Proporsi Penduduk yang Memiliki Telepon Seluler di Daerah Perdesaan;63;Kalimantan Selatan;2010;73.9;
Proporsi Penduduk yang Memiliki Telepon Seluler di Daerah Perdesaan;63;Kalimantan Selatan;2011;80.51;
Proporsi Penduduk yang Memiliki Telepon Seluler di Daerah Perdesaan;63;Kalimantan Selatan;2012;84.46;
Proporsi Penduduk yang Memiliki Telepon Seluler di Daerah Perdesaan;63;Kalimantan Selatan;2013;87.95;
Proporsi Penduduk yang Memiliki Telepon Seluler di Daerah Perdesaan;63;Kalimantan Selatan;2014;87.45;
Proporsi Penduduk yang Memiliki Telepon Seluler di Daerah Perdesaan;63;Kalimantan Selatan;2015;88.33;
Proporsi Penduduk yang Memiliki Telepon Seluler di Daerah Perdesaan;64;Kalimantan Timur;2001;;
Proporsi Penduduk yang Memiliki Telepon Seluler di Daerah Perdesaan;64;Kalimantan Timur;2002;;
Proporsi Penduduk yang Memiliki Telepon Seluler di Daerah Perdesaan;64;Kalimantan Timur;2003;;
Proporsi Penduduk yang Memiliki Telepon Seluler di Daerah Perdesaan;64;Kalimantan Timur;2004;;
Proporsi Penduduk yang Memiliki Telepon Seluler di Daerah Perdesaan;64;Kalimantan Timur;2005;14.82;
Proporsi Penduduk yang Memiliki Telepon Seluler di Daerah Perdesaan;64;Kalimantan Timur;2006;28.78;
Proporsi Penduduk yang Memiliki Telepon Seluler di Daerah Perdesaan;64;Kalimantan Timur;2007;43.15;
Proporsi Penduduk yang Memiliki Telepon Seluler di Daerah Perdesaan;64;Kalimantan Timur;2008;60.89;
Proporsi Penduduk yang Memiliki Telepon Seluler di Daerah Perdesaan;64;Kalimantan Timur;2009;70.76;
Proporsi Penduduk yang Memiliki Telepon Seluler di Daerah Perdesaan;64;Kalimantan Timur;2010;85.46;
Proporsi Penduduk yang Memiliki Telepon Seluler di Daerah Perdesaan;64;Kalimantan Timur;2011;87.48;
Proporsi Penduduk yang Memiliki Telepon Seluler di Daerah Perdesaan;64;Kalimantan Timur;2012;89.43;
Proporsi Penduduk yang Memiliki Telepon Seluler di Daerah Perdesaan;64;Kalimantan Timur;2013;92.16;
Proporsi Penduduk yang Memiliki Telepon Seluler di Daerah Perdesaan;64;Kalimantan Timur;2014;93.21;
Proporsi Penduduk yang Memiliki Telepon Seluler di Daerah Perdesaan;64;Kalimantan Timur;2015;93.53;
Proporsi Penduduk yang Memiliki Telepon Seluler di Daerah Perdesaan;65;Kalimantan Utara;2001;;
Proporsi Penduduk yang Memiliki Telepon Seluler di Daerah Perdesaan;65;Kalimantan Utara;2002;;
Proporsi Penduduk yang Memiliki Telepon Seluler di Daerah Perdesaan;65;Kalimantan Utara;2003;;
Proporsi Penduduk yang Memiliki Telepon Seluler di Daerah Perdesaan;65;Kalimantan Utara;2004;;
Proporsi Penduduk yang Memiliki Telepon Seluler di Daerah Perdesaan;65;Kalimantan Utara;2005;;
Proporsi Penduduk yang Memiliki Telepon Seluler di Daerah Perdesaan;65;Kalimantan Utara;2006;;
Proporsi Penduduk yang Memiliki Telepon Seluler di Daerah Perdesaan;65;Kalimantan Utara;2007;;
Proporsi Penduduk yang Memiliki Telepon Seluler di Daerah Perdesaan;65;Kalimantan Utara;2008;;
Proporsi Penduduk yang Memiliki Telepon Seluler di Daerah Perdesaan;65;Kalimantan Utara;2009;;
Proporsi Penduduk yang Memiliki Telepon Seluler di Daerah Perdesaan;65;Kalimantan Utara;2010;;
Proporsi Penduduk yang Memiliki Telepon Seluler di Daerah Perdesaan;65;Kalimantan Utara;2011;;
Proporsi Penduduk yang Memiliki Telepon Seluler di Daerah Perdesaan;65;Kalimantan Utara;2012;;
Proporsi Penduduk yang Memiliki Telepon Seluler di Daerah Perdesaan;65;Kalimantan Utara;2013;;
Proporsi Penduduk yang Memiliki Telepon Seluler di Daerah Perdesaan;65;Kalimantan Utara;2014;;
Proporsi Penduduk yang Memiliki Telepon Seluler di Daerah Perdesaan;65;Kalimantan Utara;2015;93.82;
Proporsi Penduduk yang Memiliki Telepon Seluler di Daerah Perdesaan;71;Sulawesi Utara;2001;;
Proporsi Penduduk yang Memiliki Telepon Seluler di Daerah Perdesaan;71;Sulawesi Utara;2002;;
Proporsi Penduduk yang Memiliki Telepon Seluler di Daerah Perdesaan;71;Sulawesi Utara;2003;;
Proporsi Penduduk yang Memiliki Telepon Seluler di Daerah Perdesaan;71;Sulawesi Utara;2004;;
Proporsi Penduduk yang Memiliki Telepon Seluler di Daerah Perdesaan;71;Sulawesi Utara;2005;8.41;
Proporsi Penduduk yang Memiliki Telepon Seluler di Daerah Perdesaan;71;Sulawesi Utara;2006;11.29;
Proporsi Penduduk yang Memiliki Telepon Seluler di Daerah Perdesaan;71;Sulawesi Utara;2007;24.1;
Proporsi Penduduk yang Memiliki Telepon Seluler di Daerah Perdesaan;71;Sulawesi Utara;2008;36.19;
Proporsi Penduduk yang Memiliki Telepon Seluler di Daerah Perdesaan;71;Sulawesi Utara;2009;48.23;
Proporsi Penduduk yang Memiliki Telepon Seluler di Daerah Perdesaan;71;Sulawesi Utara;2010;61.9;
Proporsi Penduduk yang Memiliki Telepon Seluler di Daerah Perdesaan;71;Sulawesi Utara;2011;70.06;
Proporsi Penduduk yang Memiliki Telepon Seluler di Daerah Perdesaan;71;Sulawesi Utara;2012;76.33;
Proporsi Penduduk yang Memiliki Telepon Seluler di Daerah Perdesaan;71;Sulawesi Utara;2013;80.01;
Proporsi Penduduk yang Memiliki Telepon Seluler di Daerah Perdesaan;71;Sulawesi Utara;2014;82.81;
Proporsi Penduduk yang Memiliki Telepon Seluler di Daerah Perdesaan;71;Sulawesi Utara;2015;87.15;
Proporsi Penduduk yang Memiliki Telepon Seluler di Daerah Perdesaan;72;Sulawesi Tengah;2001;;
Proporsi Penduduk yang Memiliki Telepon Seluler di Daerah Perdesaan;72;Sulawesi Tengah;2002;;
Proporsi Penduduk yang Memiliki Telepon Seluler di Daerah Perdesaan;72;Sulawesi Tengah;2003;;
Proporsi Penduduk yang Memiliki Telepon Seluler di Daerah Perdesaan;72;Sulawesi Tengah;2004;;
Proporsi Penduduk yang Memiliki Telepon Seluler di Daerah Perdesaan;72;Sulawesi Tengah;2005;3.07;
Proporsi Penduduk yang Memiliki Telepon Seluler di Daerah Perdesaan;72;Sulawesi Tengah;2006;5.59;
Proporsi Penduduk yang Memiliki Telepon Seluler di Daerah Perdesaan;72;Sulawesi Tengah;2007;15.93;
Proporsi Penduduk yang Memiliki Telepon Seluler di Daerah Perdesaan;72;Sulawesi Tengah;2008;32.55;
Proporsi Penduduk yang Memiliki Telepon Seluler di Daerah Perdesaan;72;Sulawesi Tengah;2009;41.49;
Proporsi Penduduk yang Memiliki Telepon Seluler di Daerah Perdesaan;72;Sulawesi Tengah;2010;51.05;
Proporsi Penduduk yang Memiliki Telepon Seluler di Daerah Perdesaan;72;Sulawesi Tengah;2011;61.22;
Proporsi Penduduk yang Memiliki Telepon Seluler di Daerah Perdesaan;72;Sulawesi Tengah;2012;72.77;
Proporsi Penduduk yang Memiliki Telepon Seluler di Daerah Perdesaan;72;Sulawesi Tengah;2013;77.1;
Proporsi Penduduk yang Memiliki Telepon Seluler di Daerah Perdesaan;72;Sulawesi Tengah;2014;77.01;
Proporsi Penduduk yang Memiliki Telepon Seluler di Daerah Perdesaan;72;Sulawesi Tengah;2015;80.9;
Proporsi Penduduk yang Memiliki Telepon Seluler di Daerah Perdesaan;73;Sulawesi Selatan;2001;;
Proporsi Penduduk yang Memiliki Telepon Seluler di Daerah Perdesaan;73;Sulawesi Selatan;2002;;
Proporsi Penduduk yang Memiliki Telepon Seluler di Daerah Perdesaan;73;Sulawesi Selatan;2003;;
Proporsi Penduduk yang Memiliki Telepon Seluler di Daerah Perdesaan;73;Sulawesi Selatan;2004;;
Proporsi Penduduk yang Memiliki Telepon Seluler di Daerah Perdesaan;73;Sulawesi Selatan;2005;7.35;
Proporsi Penduduk yang Memiliki Telepon Seluler di Daerah Perdesaan;73;Sulawesi Selatan;2006;15.03;
Proporsi Penduduk yang Memiliki Telepon Seluler di Daerah Perdesaan;73;Sulawesi Selatan;2007;27.94;
Proporsi Penduduk yang Memiliki Telepon Seluler di Daerah Perdesaan;73;Sulawesi Selatan;2008;44.04;
Proporsi Penduduk yang Memiliki Telepon Seluler di Daerah Perdesaan;73;Sulawesi Selatan;2009;57.85;
Proporsi Penduduk yang Memiliki Telepon Seluler di Daerah Perdesaan;73;Sulawesi Selatan;2010;70.2;
Proporsi Penduduk yang Memiliki Telepon Seluler di Daerah Perdesaan;73;Sulawesi Selatan;2011;73.93;
Proporsi Penduduk yang Memiliki Telepon Seluler di Daerah Perdesaan;73;Sulawesi Selatan;2012;82.2;
Proporsi Penduduk yang Memiliki Telepon Seluler di Daerah Perdesaan;73;Sulawesi Selatan;2013;84.89;
Proporsi Penduduk yang Memiliki Telepon Seluler di Daerah Perdesaan;73;Sulawesi Selatan;2014;87.06;
Proporsi Penduduk yang Memiliki Telepon Seluler di Daerah Perdesaan;73;Sulawesi Selatan;2015;88.25;
Proporsi Penduduk yang Memiliki Telepon Seluler di Daerah Perdesaan;74;Sulawesi Tenggara;2001;;
Proporsi Penduduk yang Memiliki Telepon Seluler di Daerah Perdesaan;74;Sulawesi Tenggara;2002;;
Proporsi Penduduk yang Memiliki Telepon Seluler di Daerah Perdesaan;74;Sulawesi Tenggara;2003;;
Proporsi Penduduk yang Memiliki Telepon Seluler di Daerah Perdesaan;74;Sulawesi Tenggara;2004;;
Proporsi Penduduk yang Memiliki Telepon Seluler di Daerah Perdesaan;74;Sulawesi Tenggara;2005;3.21;
Proporsi Penduduk yang Memiliki Telepon Seluler di Daerah Perdesaan;74;Sulawesi Tenggara;2006;7.39;
Proporsi Penduduk yang Memiliki Telepon Seluler di Daerah Perdesaan;74;Sulawesi Tenggara;2007;17.1;
Proporsi Penduduk yang Memiliki Telepon Seluler di Daerah Perdesaan;74;Sulawesi Tenggara;2008;34.8;
Proporsi Penduduk yang Memiliki Telepon Seluler di Daerah Perdesaan;74;Sulawesi Tenggara;2009;50.8;
Proporsi Penduduk yang Memiliki Telepon Seluler di Daerah Perdesaan;74;Sulawesi Tenggara;2010;61.3;
Proporsi Penduduk yang Memiliki Telepon Seluler di Daerah Perdesaan;74;Sulawesi Tenggara;2011;68.55;
Proporsi Penduduk yang Memiliki Telepon Seluler di Daerah Perdesaan;74;Sulawesi Tenggara;2012;79.79;
Proporsi Penduduk yang Memiliki Telepon Seluler di Daerah Perdesaan;74;Sulawesi Tenggara;2013;84.64;
Proporsi Penduduk yang Memiliki Telepon Seluler di Daerah Perdesaan;74;Sulawesi Tenggara;2014;85.53;
Proporsi Penduduk yang Memiliki Telepon Seluler di Daerah Perdesaan;74;Sulawesi Tenggara;2015;88.46;
Proporsi Penduduk yang Memiliki Telepon Seluler di Daerah Perdesaan;75;Gorontalo;2001;;
Proporsi Penduduk yang Memiliki Telepon Seluler di Daerah Perdesaan;75;Gorontalo;2002;;
Proporsi Penduduk yang Memiliki Telepon Seluler di Daerah Perdesaan;75;Gorontalo;2003;;
Proporsi Penduduk yang Memiliki Telepon Seluler di Daerah Perdesaan;75;Gorontalo;2004;;
Proporsi Penduduk yang Memiliki Telepon Seluler di Daerah Perdesaan;75;Gorontalo;2005;4.32;
Proporsi Penduduk yang Memiliki Telepon Seluler di Daerah Perdesaan;75;Gorontalo;2006;6.86;
Proporsi Penduduk yang Memiliki Telepon Seluler di Daerah Perdesaan;75;Gorontalo;2007;19.29;
Proporsi Penduduk yang Memiliki Telepon Seluler di Daerah Perdesaan;75;Gorontalo;2008;32.48;
Proporsi Penduduk yang Memiliki Telepon Seluler di Daerah Perdesaan;75;Gorontalo;2009;46.23;
Proporsi Penduduk yang Memiliki Telepon Seluler di Daerah Perdesaan;75;Gorontalo;2010;55.61;
Proporsi Penduduk yang Memiliki Telepon Seluler di Daerah Perdesaan;75;Gorontalo;2011;70.8;
Proporsi Penduduk yang Memiliki Telepon Seluler di Daerah Perdesaan;75;Gorontalo;2012;77.69;
Proporsi Penduduk yang Memiliki Telepon Seluler di Daerah Perdesaan;75;Gorontalo;2013;82.39;
Proporsi Penduduk yang Memiliki Telepon Seluler di Daerah Perdesaan;75;Gorontalo;2014;83.24;
Proporsi Penduduk yang Memiliki Telepon Seluler di Daerah Perdesaan;75;Gorontalo;2015;85.57;
Proporsi Penduduk yang Memiliki Telepon Seluler di Daerah Perdesaan;76;Sulawesi Barat;2001;;
Proporsi Penduduk yang Memiliki Telepon Seluler di Daerah Perdesaan;76;Sulawesi Barat;2002;;
Proporsi Penduduk yang Memiliki Telepon Seluler di Daerah Perdesaan;76;Sulawesi Barat;2003;;
Proporsi Penduduk yang Memiliki Telepon Seluler di Daerah Perdesaan;76;Sulawesi Barat;2004;;
Proporsi Penduduk yang Memiliki Telepon Seluler di Daerah Perdesaan;76;Sulawesi Barat;2005;;
Proporsi Penduduk yang Memiliki Telepon Seluler di Daerah Perdesaan;76;Sulawesi Barat;2006;7.47;
Proporsi Penduduk yang Memiliki Telepon Seluler di Daerah Perdesaan;76;Sulawesi Barat;2007;19.7;
Proporsi Penduduk yang Memiliki Telepon Seluler di Daerah Perdesaan;76;Sulawesi Barat;2008;34.26;
Proporsi Penduduk yang Memiliki Telepon Seluler di Daerah Perdesaan;76;Sulawesi Barat;2009;46.29;
Proporsi Penduduk yang Memiliki Telepon Seluler di Daerah Perdesaan;76;Sulawesi Barat;2010;56.67;
Proporsi Penduduk yang Memiliki Telepon Seluler di Daerah Perdesaan;76;Sulawesi Barat;2011;65.32;
Proporsi Penduduk yang Memiliki Telepon Seluler di Daerah Perdesaan;76;Sulawesi Barat;2012;72.28;
Proporsi Penduduk yang Memiliki Telepon Seluler di Daerah Perdesaan;76;Sulawesi Barat;2013;74.61;
Proporsi Penduduk yang Memiliki Telepon Seluler di Daerah Perdesaan;76;Sulawesi Barat;2014;76.16;
Proporsi Penduduk yang Memiliki Telepon Seluler di Daerah Perdesaan;76;Sulawesi Barat;2015;76.25;
Proporsi Penduduk yang Memiliki Telepon Seluler di Daerah Perdesaan;81;Maluku;2001;;
Proporsi Penduduk yang Memiliki Telepon Seluler di Daerah Perdesaan;81;Maluku;2002;;
Proporsi Penduduk yang Memiliki Telepon Seluler di Daerah Perdesaan;81;Maluku;2003;;
Proporsi Penduduk yang Memiliki Telepon Seluler di Daerah Perdesaan;81;Maluku;2004;;
Proporsi Penduduk yang Memiliki Telepon Seluler di Daerah Perdesaan;81;Maluku;2005;2.43;
Proporsi Penduduk yang Memiliki Telepon Seluler di Daerah Perdesaan;81;Maluku;2006;4.08;
Proporsi Penduduk yang Memiliki Telepon Seluler di Daerah Perdesaan;81;Maluku;2007;7.44;
Proporsi Penduduk yang Memiliki Telepon Seluler di Daerah Perdesaan;81;Maluku;2008;18.47;
Proporsi Penduduk yang Memiliki Telepon Seluler di Daerah Perdesaan;81;Maluku;2009;27.36;
Proporsi Penduduk yang Memiliki Telepon Seluler di Daerah Perdesaan;81;Maluku;2010;41.63;
Proporsi Penduduk yang Memiliki Telepon Seluler di Daerah Perdesaan;81;Maluku;2011;48.53;
Proporsi Penduduk yang Memiliki Telepon Seluler di Daerah Perdesaan;81;Maluku;2012;58.66;
Proporsi Penduduk yang Memiliki Telepon Seluler di Daerah Perdesaan;81;Maluku;2013;61.51;
Proporsi Penduduk yang Memiliki Telepon Seluler di Daerah Perdesaan;81;Maluku;2014;66.64;
Proporsi Penduduk yang Memiliki Telepon Seluler di Daerah Perdesaan;81;Maluku;2015;72.69;
Proporsi Penduduk yang Memiliki Telepon Seluler di Daerah Perdesaan;82;Maluku Utara;2001;;
Proporsi Penduduk yang Memiliki Telepon Seluler di Daerah Perdesaan;82;Maluku Utara;2002;;
Proporsi Penduduk yang Memiliki Telepon Seluler di Daerah Perdesaan;82;Maluku Utara;2003;;
Proporsi Penduduk yang Memiliki Telepon Seluler di Daerah Perdesaan;82;Maluku Utara;2004;;
Proporsi Penduduk yang Memiliki Telepon Seluler di Daerah Perdesaan;82;Maluku Utara;2005;2.3;
Proporsi Penduduk yang Memiliki Telepon Seluler di Daerah Perdesaan;82;Maluku Utara;2006;4.73;
Proporsi Penduduk yang Memiliki Telepon Seluler di Daerah Perdesaan;82;Maluku Utara;2007;11.52;
Proporsi Penduduk yang Memiliki Telepon Seluler di Daerah Perdesaan;82;Maluku Utara;2008;21.51;
Proporsi Penduduk yang Memiliki Telepon Seluler di Daerah Perdesaan;82;Maluku Utara;2009;25.87;
Proporsi Penduduk yang Memiliki Telepon Seluler di Daerah Perdesaan;82;Maluku Utara;2010;39.56;
Proporsi Penduduk yang Memiliki Telepon Seluler di Daerah Perdesaan;82;Maluku Utara;2011;48.54;
Proporsi Penduduk yang Memiliki Telepon Seluler di Daerah Perdesaan;82;Maluku Utara;2012;61.38;
Proporsi Penduduk yang Memiliki Telepon Seluler di Daerah Perdesaan;82;Maluku Utara;2013;68.9;
Proporsi Penduduk yang Memiliki Telepon Seluler di Daerah Perdesaan;82;Maluku Utara;2014;72.58;
Proporsi Penduduk yang Memiliki Telepon Seluler di Daerah Perdesaan;82;Maluku Utara;2015;74.48;
Proporsi Penduduk yang Memiliki Telepon Seluler di Daerah Perdesaan;91;Papua Barat;2001;;
Proporsi Penduduk yang Memiliki Telepon Seluler di Daerah Perdesaan;91;Papua Barat;2002;;
Proporsi Penduduk yang Memiliki Telepon Seluler di Daerah Perdesaan;91;Papua Barat;2003;;
Proporsi Penduduk yang Memiliki Telepon Seluler di Daerah Perdesaan;91;Papua Barat;2004;;
Proporsi Penduduk yang Memiliki Telepon Seluler di Daerah Perdesaan;91;Papua Barat;2005;;
Proporsi Penduduk yang Memiliki Telepon Seluler di Daerah Perdesaan;91;Papua Barat;2006;6.05;
Proporsi Penduduk yang Memiliki Telepon Seluler di Daerah Perdesaan;91;Papua Barat;2007;14.01;
Proporsi Penduduk yang Memiliki Telepon Seluler di Daerah Perdesaan;91;Papua Barat;2008;29.44;
Proporsi Penduduk yang Memiliki Telepon Seluler di Daerah Perdesaan;91;Papua Barat;2009;32.24;
Proporsi Penduduk yang Memiliki Telepon Seluler di Daerah Perdesaan;91;Papua Barat;2010;49.79;
Proporsi Penduduk yang Memiliki Telepon Seluler di Daerah Perdesaan;91;Papua Barat;2011;53.56;
Proporsi Penduduk yang Memiliki Telepon Seluler di Daerah Perdesaan;91;Papua Barat;2012;56.73;
Proporsi Penduduk yang Memiliki Telepon Seluler di Daerah Perdesaan;91;Papua Barat;2013;55.55;
Proporsi Penduduk yang Memiliki Telepon Seluler di Daerah Perdesaan;91;Papua Barat;2014;65.14;
Proporsi Penduduk yang Memiliki Telepon Seluler di Daerah Perdesaan;91;Papua Barat;2015;72.34;
Proporsi Penduduk yang Memiliki Telepon Seluler di Daerah Perdesaan;94;Papua;2001;;
Proporsi Penduduk yang Memiliki Telepon Seluler di Daerah Perdesaan;94;Papua;2002;;
Proporsi Penduduk yang Memiliki Telepon Seluler di Daerah Perdesaan;94;Papua;2003;;
Proporsi Penduduk yang Memiliki Telepon Seluler di Daerah Perdesaan;94;Papua;2004;;
Proporsi Penduduk yang Memiliki Telepon Seluler di Daerah Perdesaan;94;Papua;2005;4.61;
Proporsi Penduduk yang Memiliki Telepon Seluler di Daerah Perdesaan;94;Papua;2006;4.6;
Proporsi Penduduk yang Memiliki Telepon Seluler di Daerah Perdesaan;94;Papua;2007;11.13;
Proporsi Penduduk yang Memiliki Telepon Seluler di Daerah Perdesaan;94;Papua;2008;13.5;
Proporsi Penduduk yang Memiliki Telepon Seluler di Daerah Perdesaan;94;Papua;2009;16.93;
Proporsi Penduduk yang Memiliki Telepon Seluler di Daerah Perdesaan;94;Papua;2010;16.47;
Proporsi Penduduk yang Memiliki Telepon Seluler di Daerah Perdesaan;94;Papua;2011;17.26;
Proporsi Penduduk yang Memiliki Telepon Seluler di Daerah Perdesaan;94;Papua;2012;20.5;
Proporsi Penduduk yang Memiliki Telepon Seluler di Daerah Perdesaan;94;Papua;2013;25.08;
Proporsi Penduduk yang Memiliki Telepon Seluler di Daerah Perdesaan;94;Papua;2014;26.31;
Proporsi Penduduk yang Memiliki Telepon Seluler di Daerah Perdesaan;94;Papua;2015;32.51;
